Fecha,Ciudad,TemperaturaMax,TemperaturaMin,HoraSalidaSol,HoraPuestaSol,Lluvia_mm,VelocidadViento_kmh,DireccionViento
2024-01-01,Madrid,36.4,24.7,7:51,18:30,20.7,36.4,NE
2024-01-01,Barcelona,39.7,31.2,6:01,19:18,28.6,38.2,E
2024-01-01,Valencia,16.5,4.9,6:04,19:57,4.3,48.5,S
2024-01-01,Sevilla,33.8,26.3,7:02,19:08,1.1,11.1,E
2024-01-01,Zaragoza,39.1,24.2,7:34,18:50,34.1,8.7,E
2024-01-01,Bilbao,20.9,8.9,8:23,17:56,40.8,24.2,E
2024-01-01,Granada,18.3,6.2,7:34,19:10,41.5,10.0,N
2024-01-01,Málaga,17.4,9.1,7:40,17:10,4.8,45.8,NE
2024-01-01,Alicante,30.1,19.6,7:46,18:29,44.6,10.9,E
2024-01-01,Valladolid,10.5,1.7,6:34,18:56,44.4,36.8,N
2024-01-02,Madrid,20.6,13.3,8:25,18:34,10.9,32.9,W
2024-01-02,Barcelona,37.4,31.8,8:49,18:18,20.4,37.9,S
2024-01-02,Valencia,26.9,14.5,8:15,18:50,15.4,1.9,S
2024-01-02,Sevilla,27.3,17.9,7:13,18:40,35.2,2.5,W
2024-01-02,Zaragoza,34.8,28.2,8:24,19:28,43.8,33.5,SW
2024-01-02,Bilbao,29.4,19.3,8:41,19:56,37.0,37.8,SE
2024-01-02,Granada,31.9,20.0,7:31,19:37,8.1,27.0,E
2024-01-02,Málaga,32.4,23.5,6:25,17:09,25.3,14.2,W
2024-01-02,Alicante,19.5,12.9,8:43,17:54,1.7,22.9,E
2024-01-02,Valladolid,29.9,23.9,7:46,17:03,2.8,24.0,E
2024-01-03,Madrid,10.4,-2.9,7:59,17:25,21.2,44.1,S
2024-01-03,Barcelona,20.4,12.5,6:40,17:36,49.1,29.4,NE
2024-01-03,Valencia,30.2,20.4,6:28,17:53,3.5,19.9,SW
2024-01-03,Sevilla,24.5,17.4,7:27,18:01,34.3,13.3,NW
2024-01-03,Zaragoza,11.0,-1.7,6:58,17:47,41.0,34.3,S
2024-01-03,Bilbao,21.2,9.6,6:24,17:30,24.2,22.0,NW
2024-01-03,Granada,20.9,11.6,7:44,19:44,26.5,15.9,S
2024-01-03,Málaga,24.8,12.9,7:42,17:43,18.4,29.0,S
2024-01-03,Alicante,34.7,23.6,7:32,17:06,49.4,10.2,NE
2024-01-03,Valladolid,26.4,13.4,7:11,18:37,16.9,11.2,SE
2024-01-04,Madrid,10.8,-0.5,8:06,17:22,23.6,44.8,E
2024-01-04,Barcelona,14.4,4.7,6:23,19:24,10.4,12.6,NW
2024-01-04,Valencia,26.5,11.7,7:35,17:09,3.5,42.8,W
2024-01-04,Sevilla,17.3,6.9,7:47,19:02,41.9,13.4,NE
2024-01-04,Zaragoza,12.8,7.6,8:43,19:57,0.7,25.8,N
2024-01-04,Bilbao,22.7,10.6,7:54,17:44,36.7,4.2,N
2024-01-04,Granada,30.7,18.7,6:38,18:09,20.7,33.3,E
2024-01-04,Málaga,10.1,4.8,6:38,17:13,11.3,7.4,NW
2024-01-04,Alicante,35.7,30.2,6:31,18:05,7.3,27.3,SW
2024-01-04,Valladolid,23.0,14.8,7:41,18:22,25.1,32.4,S
2024-01-05,Madrid,19.3,9.4,8:55,18:47,8.7,9.2,NE
2024-01-05,Barcelona,35.6,29.2,8:17,19:31,46.8,17.2,SW
2024-01-05,Valencia,39.1,32.5,7:41,18:48,25.4,23.5,N
2024-01-05,Sevilla,11.6,3.2,6:03,18:35,3.9,41.3,NW
2024-01-05,Zaragoza,10.3,-3.3,8:54,17:22,50.0,15.1,NE
2024-01-05,Bilbao,16.9,5.9,7:23,19:29,13.6,18.2,SW
2024-01-05,Granada,39.4,34.1,8:40,17:27,49.7,5.1,NE
2024-01-05,Málaga,13.9,0.2,8:04,18:00,7.2,49.8,W
2024-01-05,Alicante,16.8,6.3,6:48,17:46,0.9,11.2,E
2024-01-05,Valladolid,36.1,30.4,6:49,18:17,11.0,6.0,SW
2024-01-06,Madrid,38.9,27.6,6:39,18:44,30.6,46.1,SE
2024-01-06,Barcelona,22.3,10.5,6:45,19:55,14.7,28.9,W
2024-01-06,Valencia,12.2,4.0,7:05,18:35,7.1,7.3,SW
2024-01-06,Sevilla,33.5,20.7,7:58,17:36,26.6,11.9,NE
2024-01-06,Zaragoza,37.5,23.9,6:43,17:16,26.0,35.5,NW
2024-01-06,Bilbao,21.0,8.9,6:58,17:42,38.7,36.3,SW
2024-01-06,Granada,17.4,3.0,8:52,18:42,9.2,12.1,W
2024-01-06,Málaga,19.6,10.1,7:19,17:44,31.9,30.4,SW
2024-01-06,Alicante,20.3,10.6,7:37,19:46,37.5,2.8,SE
2024-01-06,Valladolid,30.8,23.0,8:41,17:11,29.1,35.0,N
2024-01-07,Madrid,19.2,7.5,7:49,17:41,11.5,46.2,N
2024-01-07,Barcelona,35.8,26.6,8:00,19:36,11.9,45.8,N
2024-01-07,Valencia,25.7,11.9,7:03,18:38,45.8,11.7,NW
2024-01-07,Sevilla,23.5,10.5,6:32,19:10,49.1,25.7,NE
2024-01-07,Zaragoza,17.5,6.3,6:22,18:55,23.0,23.8,S
2024-01-07,Bilbao,34.9,24.6,6:01,17:56,15.0,46.9,SW
2024-01-07,Granada,21.4,11.8,7:31,17:36,12.9,21.0,N
2024-01-07,Málaga,11.9,-2.5,6:29,19:00,16.2,27.8,E
2024-01-07,Alicante,33.1,19.0,8:28,19:33,25.3,26.0,NW
2024-01-07,Valladolid,35.6,30.4,6:36,18:23,35.6,26.2,NE
2024-01-08,Madrid,34.2,23.0,6:23,19:03,26.7,39.3,SE
2024-01-08,Barcelona,20.6,12.3,7:52,19:14,37.9,28.1,SE
2024-01-08,Valencia,12.4,5.9,8:20,19:17,6.6,39.2,SE
2024-01-08,Sevilla,15.4,2.6,7:42,17:40,7.3,42.5,NE
2024-01-08,Zaragoza,18.1,5.8,6:36,19:37,12.9,2.0,N
2024-01-08,Bilbao,22.5,11.1,6:40,18:42,35.6,10.5,NW
2024-01-08,Granada,26.7,14.5,6:46,18:37,48.6,2.9,NW
2024-01-08,Málaga,26.4,18.6,6:11,18:14,49.7,41.0,E
2024-01-08,Alicante,30.3,20.6,7:42,17:53,17.5,1.8,SE
2024-01-08,Valladolid,13.7,7.5,6:38,17:34,7.9,19.5,NE
2024-01-09,Madrid,38.1,26.3,8:35,18:59,16.0,20.2,NW
2024-01-09,Barcelona,14.1,4.6,7:07,18:39,13.1,38.9,NW
2024-01-09,Valencia,11.7,1.1,6:35,19:01,13.4,29.5,W
2024-01-09,Sevilla,32.4,24.5,8:11,17:43,25.4,47.2,SE
2024-01-09,Zaragoza,27.4,18.0,7:17,17:07,49.3,16.3,NE
2024-01-09,Bilbao,13.2,4.2,8:10,19:15,27.2,37.0,NW
2024-01-09,Granada,23.8,15.0,6:59,19:41,25.8,33.0,SW
2024-01-09,Málaga,39.5,31.8,7:44,18:16,41.2,13.6,W
2024-01-09,Alicante,19.6,6.5,6:27,19:33,1.2,37.0,N
2024-01-09,Valladolid,27.7,16.3,6:42,17:52,0.8,35.2,E
2024-01-10,Madrid,15.1,9.5,6:46,17:02,47.7,32.6,SW
2024-01-10,Barcelona,34.3,27.4,8:37,17:08,26.3,12.5,N
2024-01-10,Valencia,24.0,9.2,6:38,18:35,31.4,44.4,W
2024-01-10,Sevilla,36.1,27.6,6:00,19:33,38.6,27.5,SW
2024-01-10,Zaragoza,25.2,10.4,7:33,19:22,15.7,2.9,E
2024-01-10,Bilbao,24.6,16.1,8:06,19:14,39.3,1.2,W
2024-01-10,Granada,29.5,15.2,8:18,18:06,31.2,1.7,E
2024-01-10,Málaga,20.2,7.3,7:17,17:12,41.9,41.6,NW
2024-01-10,Alicante,23.5,11.6,6:43,19:49,5.0,33.0,S
2024-01-10,Valladolid,18.9,9.4,7:48,19:20,36.2,33.9,NW
2024-01-11,Madrid,32.9,20.6,8:40,18:32,12.5,19.7,NE
2024-01-11,Barcelona,15.3,0.5,7:40,17:56,9.4,44.9,E
2024-01-11,Valencia,22.3,8.8,7:01,19:25,29.5,22.3,S
2024-01-11,Sevilla,19.9,6.1,8:29,17:23,45.5,0.1,SW
2024-01-11,Zaragoza,26.1,16.0,6:44,17:48,34.9,19.0,SW
2024-01-11,Bilbao,29.6,16.0,8:36,19:50,43.7,32.6,E
2024-01-11,Granada,13.5,3.2,7:57,17:22,11.1,44.9,N
2024-01-11,Málaga,16.1,4.4,8:02,17:37,16.6,1.3,NW
2024-01-11,Alicante,21.0,15.7,6:57,18:34,26.0,24.0,NW
2024-01-11,Valladolid,17.2,4.9,8:56,17:35,32.9,19.9,SE
2024-01-12,Madrid,34.9,25.2,7:38,17:42,21.9,12.1,SE
2024-01-12,Barcelona,16.8,11.4,7:37,17:35,23.6,36.3,N
2024-01-12,Valencia,23.1,11.2,8:53,19:42,18.4,47.3,NW
2024-01-12,Sevilla,36.1,26.5,8:52,17:10,41.6,2.2,NE
2024-01-12,Zaragoza,33.4,27.5,7:09,19:13,14.1,27.5,S
2024-01-12,Bilbao,11.1,4.1,6:43,18:20,23.0,30.7,S
2024-01-12,Granada,19.2,7.5,8:00,19:12,46.7,4.9,W
2024-01-12,Málaga,36.8,24.3,8:21,18:00,27.5,9.0,S
2024-01-12,Alicante,15.3,1.6,6:06,19:40,18.2,42.8,SW
2024-01-12,Valladolid,18.3,10.2,6:16,19:28,13.8,34.8,SE
2024-01-13,Madrid,34.4,27.9,8:46,18:05,33.0,16.9,N
2024-01-13,Barcelona,15.3,3.2,7:17,18:30,7.2,42.6,S
2024-01-13,Valencia,37.4,31.4,6:15,17:27,46.6,27.7,S
2024-01-13,Sevilla,25.1,14.5,7:59,18:45,18.5,32.5,E
2024-01-13,Zaragoza,27.9,15.2,6:15,17:46,36.4,24.2,NW
2024-01-13,Bilbao,38.8,29.5,8:53,18:19,19.1,20.3,E
2024-01-13,Granada,17.7,3.5,8:28,19:51,37.7,17.9,NE
2024-01-13,Málaga,11.7,2.8,6:46,18:16,15.7,17.1,SE
2024-01-13,Alicante,15.2,1.5,6:59,18:43,41.0,12.5,W
2024-01-13,Valladolid,24.8,10.7,7:21,17:57,32.8,34.0,SE
2024-01-14,Madrid,21.0,12.1,7:20,18:13,19.5,25.0,NW
2024-01-14,Barcelona,39.7,25.6,6:32,18:59,19.0,5.9,E
2024-01-14,Valencia,22.4,15.0,8:22,18:53,24.4,40.7,N
2024-01-14,Sevilla,14.7,0.5,6:26,19:23,1.1,11.9,SW
2024-01-14,Zaragoza,26.6,12.8,6:50,18:10,26.5,36.1,NW
2024-01-14,Bilbao,13.2,1.7,7:12,17:24,18.4,1.6,W
2024-01-14,Granada,31.8,25.4,7:30,18:50,5.2,34.6,S
2024-01-14,Málaga,38.2,27.5,8:22,18:03,32.3,32.4,NE
2024-01-14,Alicante,37.0,28.0,6:45,19:36,18.9,36.3,N
2024-01-14,Valladolid,30.8,24.4,8:03,17:04,18.6,47.3,E
2024-01-15,Madrid,25.7,19.9,8:06,18:11,8.9,17.9,SW
2024-01-15,Barcelona,31.6,24.5,8:33,19:09,42.3,0.5,E
2024-01-15,Valencia,13.5,4.0,7:24,19:56,32.3,2.4,NE
2024-01-15,Sevilla,34.2,26.3,6:51,17:31,20.7,18.1,E
2024-01-15,Zaragoza,25.0,14.6,7:01,19:06,48.4,36.9,W
2024-01-15,Bilbao,31.6,26.0,8:50,18:30,39.8,17.0,NW
2024-01-15,Granada,24.9,10.7,7:04,17:05,16.2,49.2,N
2024-01-15,Málaga,11.7,4.2,8:50,19:05,36.6,15.5,SW
2024-01-15,Alicante,38.3,26.4,6:20,18:14,0.8,48.5,E
2024-01-15,Valladolid,27.1,15.0,6:19,17:13,34.3,46.8,N
2024-01-16,Madrid,13.9,4.4,6:48,18:06,28.2,28.4,SE
2024-01-16,Barcelona,33.4,21.5,7:09,17:51,45.5,43.4,S
2024-01-16,Valencia,32.2,25.2,8:17,17:40,44.7,24.9,NE
2024-01-16,Sevilla,10.0,4.2,7:23,18:50,18.5,25.8,NE
2024-01-16,Zaragoza,16.1,8.8,7:45,17:43,34.7,25.3,W
2024-01-16,Bilbao,16.0,3.9,8:52,17:45,13.7,45.7,NW
2024-01-16,Granada,21.1,11.0,7:55,18:53,38.3,42.9,S
2024-01-16,Málaga,16.7,3.1,8:48,17:11,24.3,43.9,W
2024-01-16,Alicante,11.9,2.7,7:23,17:26,45.2,24.4,NW
2024-01-16,Valladolid,37.0,31.5,8:39,19:27,50.0,15.6,E
2024-01-17,Madrid,33.5,19.4,8:23,18:30,12.1,23.8,SE
2024-01-17,Barcelona,37.7,29.7,8:08,17:23,36.2,30.5,E
2024-01-17,Valencia,12.0,-0.2,7:21,19:07,49.2,11.2,NE
2024-01-17,Sevilla,23.6,16.0,6:49,19:45,43.6,14.0,E
2024-01-17,Zaragoza,19.8,5.2,8:14,19:15,45.8,22.4,SE
2024-01-17,Bilbao,20.8,13.8,7:07,19:45,50.0,29.8,S
2024-01-17,Granada,30.3,20.6,8:07,17:20,8.8,24.4,W
2024-01-17,Málaga,24.3,19.1,7:49,17:04,22.1,3.2,W
2024-01-17,Alicante,11.4,1.3,7:55,19:19,25.1,35.2,N
2024-01-17,Valladolid,16.6,10.9,7:39,19:29,37.2,9.9,W
2024-01-18,Madrid,17.8,5.6,7:04,18:05,39.4,0.5,NE
2024-01-18,Barcelona,33.5,23.6,8:23,19:47,48.9,0.9,W
2024-01-18,Valencia,26.7,21.1,7:18,19:53,48.8,32.7,NE
2024-01-18,Sevilla,27.5,18.6,7:01,17:36,14.3,38.7,W
2024-01-18,Zaragoza,12.1,-1.4,6:35,19:27,35.7,6.3,E
2024-01-18,Bilbao,20.5,15.1,6:23,17:36,45.4,45.5,NW
2024-01-18,Granada,28.3,22.9,8:16,18:44,47.4,18.3,SW
2024-01-18,Málaga,30.9,17.4,7:48,17:12,10.1,0.2,SE
2024-01-18,Alicante,15.1,4.4,8:52,18:48,34.8,14.7,NW
2024-01-18,Valladolid,23.0,12.5,6:36,18:49,8.6,24.5,SW
2024-01-19,Madrid,34.9,26.7,7:40,17:42,6.5,33.9,N
2024-01-19,Barcelona,20.1,14.7,7:56,19:00,40.7,29.5,E
2024-01-19,Valencia,19.5,11.9,6:13,19:01,18.2,1.2,SW
2024-01-19,Sevilla,28.2,20.8,7:33,19:41,37.5,33.3,NE
2024-01-19,Zaragoza,23.3,9.9,7:28,18:28,19.0,27.5,SE
2024-01-19,Bilbao,28.9,14.1,6:34,17:40,27.3,38.0,E
2024-01-19,Granada,11.3,-3.5,8:05,19:17,36.5,3.9,SW
2024-01-19,Málaga,25.8,11.5,8:58,18:55,30.8,48.8,NW
2024-01-19,Alicante,30.1,19.0,6:14,19:06,0.0,36.5,SE
2024-01-19,Valladolid,20.8,13.0,7:35,19:21,20.1,9.5,SE
2024-01-20,Madrid,38.7,30.9,8:10,19:11,12.9,22.2,SW
2024-01-20,Barcelona,19.6,5.9,6:20,19:18,13.1,12.4,NE
2024-01-20,Valencia,39.9,26.1,7:22,18:34,26.3,4.8,NW
2024-01-20,Sevilla,15.2,1.5,6:24,18:46,45.4,23.7,SW
2024-01-20,Zaragoza,20.7,8.1,8:52,19:35,13.7,42.4,NW
2024-01-20,Bilbao,26.4,17.0,7:14,18:22,48.7,45.4,N
2024-01-20,Granada,15.8,1.6,6:40,17:57,26.1,34.0,W
2024-01-20,Málaga,37.4,27.6,8:18,18:34,38.9,40.7,NE
2024-01-20,Alicante,12.7,3.7,8:59,17:28,6.2,21.7,NW
2024-01-20,Valladolid,35.9,30.3,6:29,19:00,4.7,41.7,NE
2024-01-21,Madrid,33.9,28.3,8:38,18:36,46.1,39.5,W
2024-01-21,Barcelona,13.0,-1.8,8:33,18:20,33.0,4.9,W
2024-01-21,Valencia,23.7,12.8,8:41,18:26,28.5,16.1,S
2024-01-21,Sevilla,19.8,7.7,6:27,17:55,15.3,27.6,N
2024-01-21,Zaragoza,23.3,16.5,7:17,19:28,6.4,7.8,SW
2024-01-21,Bilbao,14.9,3.4,7:27,19:13,8.0,39.5,E
2024-01-21,Granada,31.9,22.0,7:17,17:29,4.6,30.6,SW
2024-01-21,Málaga,21.6,14.5,7:41,17:36,14.6,36.4,SW
2024-01-21,Alicante,40.0,26.9,8:37,19:32,15.2,22.3,NE
2024-01-21,Valladolid,10.4,-3.2,7:09,19:56,38.2,42.4,SE
2024-01-22,Madrid,10.3,4.0,8:29,17:31,8.2,11.6,W
2024-01-22,Barcelona,37.2,28.2,6:14,19:29,36.9,39.6,SE
2024-01-22,Valencia,38.2,26.8,6:30,19:06,30.3,49.4,S
2024-01-22,Sevilla,12.6,6.1,8:57,19:34,47.8,21.9,E
2024-01-22,Zaragoza,19.7,12.8,7:00,18:33,11.2,18.8,S
2024-01-22,Bilbao,26.6,18.8,7:24,17:12,24.0,47.5,SW
2024-01-22,Granada,27.9,19.8,7:07,17:07,42.1,46.5,S
2024-01-22,Málaga,14.3,5.4,8:50,18:13,30.9,9.2,SW
2024-01-22,Alicante,20.4,13.0,6:50,18:14,28.8,46.8,NE
2024-01-22,Valladolid,38.4,24.5,7:21,17:30,31.3,21.9,NW
2024-01-23,Madrid,36.7,31.3,7:12,18:58,37.9,12.7,N
2024-01-23,Barcelona,19.9,8.8,6:13,17:41,23.4,43.0,NW
2024-01-23,Valencia,30.0,16.3,8:10,19:04,5.0,15.3,NE
2024-01-23,Sevilla,14.4,3.1,7:16,19:07,49.3,28.5,N
2024-01-23,Zaragoza,38.8,33.2,8:19,17:38,11.4,21.5,NW
2024-01-23,Bilbao,19.9,13.7,8:10,18:39,31.4,21.5,S
2024-01-23,Granada,37.2,31.5,8:39,17:56,35.1,9.0,SW
2024-01-23,Málaga,37.1,27.4,6:08,19:35,36.5,41.6,NW
2024-01-23,Alicante,31.6,19.7,7:21,18:38,7.6,27.9,E
2024-01-23,Valladolid,22.8,17.8,6:23,18:04,36.4,28.3,NW
2024-01-24,Madrid,19.0,13.1,8:48,18:56,33.9,24.7,NW
2024-01-24,Barcelona,39.9,33.1,6:46,18:38,25.9,16.1,NE
2024-01-24,Valencia,26.3,12.8,6:41,17:49,18.9,15.9,NE
2024-01-24,Sevilla,29.7,18.8,6:44,17:17,1.4,49.8,N
2024-01-24,Zaragoza,27.5,15.1,7:42,17:07,41.5,14.7,SE
2024-01-24,Bilbao,21.0,14.6,8:13,17:14,29.3,16.7,W
2024-01-24,Granada,37.5,27.3,8:12,19:11,5.6,29.8,W
2024-01-24,Málaga,39.4,33.8,8:36,19:51,25.2,29.9,W
2024-01-24,Alicante,32.0,22.4,8:15,17:34,33.4,45.9,W
2024-01-24,Valladolid,13.7,1.2,8:09,17:06,2.4,5.5,NE
2024-01-25,Madrid,38.4,32.0,8:36,19:49,19.9,24.6,W
2024-01-25,Barcelona,29.6,18.2,6:04,19:59,3.8,32.1,SW
2024-01-25,Valencia,23.1,15.7,6:06,18:44,14.7,12.4,E
2024-01-25,Sevilla,17.7,7.4,6:05,19:51,32.3,34.6,E
2024-01-25,Zaragoza,16.3,10.7,8:03,19:23,14.2,13.6,NE
2024-01-25,Bilbao,10.4,-0.5,6:38,17:18,34.4,0.1,NE
2024-01-25,Granada,24.1,18.2,8:19,18:33,27.1,24.0,S
2024-01-25,Málaga,27.4,12.8,7:48,17:19,8.5,26.6,E
2024-01-25,Alicante,35.7,24.9,7:12,17:54,7.3,29.0,E
2024-01-25,Valladolid,24.1,10.5,7:34,17:26,18.6,15.9,SW
2024-01-26,Madrid,17.6,11.5,8:27,19:05,14.5,29.0,SE
2024-01-26,Barcelona,37.6,30.4,8:29,17:36,4.2,29.8,SE
2024-01-26,Valencia,11.4,3.8,7:56,18:22,30.5,11.5,W
2024-01-26,Sevilla,34.6,19.8,7:53,18:35,45.6,24.1,N
2024-01-26,Zaragoza,23.8,9.3,6:36,18:17,23.4,8.0,SE
2024-01-26,Bilbao,13.9,4.8,8:00,18:03,8.0,21.1,NE
2024-01-26,Granada,35.9,28.7,6:39,17:46,18.2,14.9,NE
2024-01-26,Málaga,16.8,11.8,7:25,18:17,39.8,41.8,SE
2024-01-26,Alicante,21.9,15.9,8:21,17:20,49.9,9.4,N
2024-01-26,Valladolid,36.3,21.8,6:12,17:16,21.8,40.7,S
2024-01-27,Madrid,34.5,27.1,6:43,17:00,21.0,27.1,SE
2024-01-27,Barcelona,20.5,6.9,8:45,19:56,18.7,38.5,W
2024-01-27,Valencia,19.5,10.4,6:11,19:08,15.5,46.0,NE
2024-01-27,Sevilla,35.7,29.6,7:32,19:12,42.2,44.3,NW
2024-01-27,Zaragoza,20.5,10.0,7:26,19:11,29.8,1.2,NW
2024-01-27,Bilbao,34.6,25.6,8:20,18:10,8.1,39.7,N
2024-01-27,Granada,17.0,3.8,6:13,18:34,34.4,45.4,NE
2024-01-27,Málaga,37.4,22.5,6:03,19:19,21.2,40.5,SW
2024-01-27,Alicante,12.9,5.1,7:29,17:58,22.9,33.9,S
2024-01-27,Valladolid,11.2,2.2,6:03,18:51,11.0,9.0,SW
2024-01-28,Madrid,38.3,26.8,7:09,18:48,12.3,28.8,N
2024-01-28,Barcelona,38.0,28.3,6:54,17:24,18.8,17.6,NW
2024-01-28,Valencia,23.0,17.0,6:26,18:56,24.6,32.1,SW
2024-01-28,Sevilla,36.2,28.6,7:22,19:48,8.5,3.9,S
2024-01-28,Zaragoza,36.3,28.2,8:23,17:03,43.0,18.6,S
2024-01-28,Bilbao,23.0,12.6,6:58,18:50,44.3,1.2,N
2024-01-28,Granada,26.7,20.2,7:38,17:30,35.1,38.8,N
2024-01-28,Málaga,21.6,13.6,6:00,17:52,25.3,2.1,SE
2024-01-28,Alicante,11.3,4.1,7:52,18:20,0.8,2.3,N
2024-01-28,Valladolid,34.1,21.0,6:13,19:52,15.8,43.3,NW
2024-01-29,Madrid,19.4,8.7,8:49,19:00,39.1,1.6,SE
2024-01-29,Barcelona,35.1,28.1,8:04,18:23,31.7,22.9,NW
2024-01-29,Valencia,37.2,26.2,7:16,18:22,49.0,0.4,W
2024-01-29,Sevilla,32.8,18.3,8:11,19:18,15.3,45.7,SE
2024-01-29,Zaragoza,22.9,13.1,8:42,19:58,14.1,14.5,N
2024-01-29,Bilbao,16.3,1.9,8:18,17:11,34.8,26.1,SE
2024-01-29,Granada,28.8,16.6,6:51,17:40,31.3,29.3,NW
2024-01-29,Málaga,13.5,6.2,7:58,17:43,12.4,36.5,NE
2024-01-29,Alicante,12.7,-1.4,8:37,17:45,14.2,4.1,NE
2024-01-29,Valladolid,15.8,10.1,6:19,18:08,44.5,9.1,NE
2024-01-30,Madrid,27.2,14.0,8:48,19:25,21.5,18.5,NW
2024-01-30,Barcelona,38.9,32.7,6:47,19:33,18.0,35.3,NW
2024-01-30,Valencia,16.6,3.3,8:34,17:37,32.5,36.5,S
2024-01-30,Sevilla,16.0,3.5,7:16,18:41,19.3,42.3,E
2024-01-30,Zaragoza,12.6,2.6,6:01,18:55,22.1,46.7,E
2024-01-30,Bilbao,29.1,17.1,6:08,19:33,1.9,14.9,NW
2024-01-30,Granada,29.8,15.8,8:54,19:53,29.9,33.8,S
2024-01-30,Málaga,27.5,18.8,6:51,18:17,27.4,12.4,S
2024-01-30,Alicante,36.5,31.1,6:27,19:13,3.0,28.9,NW
2024-01-30,Valladolid,38.1,33.0,6:31,19:47,12.2,30.6,S
2024-01-31,Madrid,35.2,27.5,8:28,18:32,15.5,48.7,NW
2024-01-31,Barcelona,39.6,33.2,8:04,17:47,47.2,24.2,NW
2024-01-31,Valencia,15.0,9.0,8:49,17:13,31.2,48.4,S
2024-01-31,Sevilla,16.5,4.7,6:24,18:52,49.9,49.1,N
2024-01-31,Zaragoza,32.2,22.5,8:43,19:55,12.4,39.9,SE
2024-01-31,Bilbao,28.2,14.3,6:16,17:28,38.3,29.9,E
2024-01-31,Granada,21.4,15.5,7:27,19:41,48.9,28.2,SW
2024-01-31,Málaga,27.0,21.7,8:16,17:34,3.1,7.8,SW
2024-01-31,Alicante,27.0,13.5,7:47,19:33,33.4,17.5,N
2024-01-31,Valladolid,16.9,2.9,8:36,18:04,38.2,0.3,N
2024-02-01,Madrid,19.9,14.2,7:13,19:34,15.5,48.4,E
2024-02-01,Barcelona,28.6,18.3,8:34,18:51,19.8,40.2,NW
2024-02-01,Valencia,22.1,13.2,8:19,17:28,9.9,47.2,SE
2024-02-01,Sevilla,38.2,33.1,7:25,19:14,5.5,2.6,SW
2024-02-01,Zaragoza,13.7,2.9,8:13,19:57,48.2,12.9,NW
2024-02-01,Bilbao,18.0,8.9,6:20,19:29,21.1,38.5,S
2024-02-01,Granada,37.4,22.9,8:29,17:48,49.0,43.1,E
2024-02-01,Málaga,14.7,7.4,6:46,17:47,15.5,9.4,W
2024-02-01,Alicante,26.7,19.7,7:23,17:45,4.4,22.0,W
2024-02-01,Valladolid,35.9,25.8,7:45,19:17,35.3,16.3,SW
2024-02-02,Madrid,37.6,31.8,7:53,18:12,44.7,45.0,NW
2024-02-02,Barcelona,29.2,20.1,7:21,18:29,19.2,4.6,NW
2024-02-02,Valencia,39.4,31.7,8:41,19:14,46.4,37.1,E
2024-02-02,Sevilla,19.7,10.3,6:40,17:42,40.3,47.2,SW
2024-02-02,Zaragoza,16.1,2.9,6:17,17:56,33.2,8.1,N
2024-02-02,Bilbao,24.6,13.2,7:18,19:43,21.2,11.6,SW
2024-02-02,Granada,14.3,6.9,6:29,19:47,18.8,42.6,W
2024-02-02,Málaga,39.5,32.5,7:57,19:32,40.5,30.7,N
2024-02-02,Alicante,10.7,5.1,7:27,18:06,12.1,31.5,SE
2024-02-02,Valladolid,19.7,10.5,8:52,19:15,45.7,29.8,SE
2024-02-03,Madrid,36.0,21.1,6:06,17:23,28.0,29.1,SW
2024-02-03,Barcelona,33.9,18.9,8:21,17:19,13.9,9.4,SE
2024-02-03,Valencia,36.7,30.2,6:56,19:54,36.8,13.7,S
2024-02-03,Sevilla,20.1,5.3,7:40,18:34,31.9,35.5,NE
2024-02-03,Zaragoza,26.7,18.6,7:54,18:01,30.0,27.6,NW
2024-02-03,Bilbao,37.8,23.6,8:10,18:21,32.8,2.2,NW
2024-02-03,Granada,31.8,20.3,7:31,17:48,46.7,34.2,W
2024-02-03,Málaga,19.0,11.7,7:38,17:50,36.1,8.0,SW
2024-02-03,Alicante,27.8,14.3,7:41,17:51,33.4,8.9,NW
2024-02-03,Valladolid,14.9,3.7,8:54,19:08,3.3,37.6,W
2024-02-04,Madrid,16.6,9.7,6:38,17:07,19.2,17.6,NE
2024-02-04,Barcelona,39.1,24.7,8:31,17:00,32.0,13.6,W
2024-02-04,Valencia,39.7,24.8,8:01,18:45,5.7,37.3,W
2024-02-04,Sevilla,13.6,5.3,8:25,19:09,42.3,25.2,W
2024-02-04,Zaragoza,12.2,-0.2,6:43,17:59,22.7,19.6,SE
2024-02-04,Bilbao,12.5,7.3,8:49,19:56,21.2,49.1,W
2024-02-04,Granada,37.0,22.7,7:00,19:13,39.5,20.5,S
2024-02-04,Málaga,11.0,2.4,6:13,19:29,37.6,37.9,NE
2024-02-04,Alicante,10.6,2.5,7:39,19:58,28.1,15.8,NE
2024-02-04,Valladolid,24.7,15.2,7:30,18:42,6.5,4.2,SW
2024-02-05,Madrid,34.4,24.3,7:56,18:37,0.5,13.9,SW
2024-02-05,Barcelona,32.3,26.7,8:17,19:59,35.6,1.2,W
2024-02-05,Valencia,12.0,-2.4,8:56,19:40,46.4,11.4,W
2024-02-05,Sevilla,21.6,7.4,8:27,19:28,14.2,18.3,W
2024-02-05,Zaragoza,11.0,3.7,6:27,19:32,20.6,23.3,SW
2024-02-05,Bilbao,22.6,7.7,8:10,18:52,6.7,37.1,S
2024-02-05,Granada,24.8,15.1,8:05,17:46,26.0,18.3,S
2024-02-05,Málaga,13.1,-0.5,7:31,18:20,30.0,2.0,NW
2024-02-05,Alicante,37.8,29.1,8:27,17:17,13.9,19.2,E
2024-02-05,Valladolid,33.3,22.1,7:06,19:06,44.8,20.4,N
2024-02-06,Madrid,21.3,9.4,7:24,19:00,0.3,13.4,NE
2024-02-06,Barcelona,30.5,18.3,8:17,18:29,18.4,2.2,S
2024-02-06,Valencia,18.2,9.1,6:32,18:09,15.9,38.1,NW
2024-02-06,Sevilla,16.0,2.8,6:20,19:59,20.6,41.3,N
2024-02-06,Zaragoza,13.3,4.9,7:44,17:33,37.6,21.0,SW
2024-02-06,Bilbao,20.8,5.8,8:30,19:35,23.0,43.4,NE
2024-02-06,Granada,29.9,16.6,8:14,19:29,10.2,3.6,SE
2024-02-06,Málaga,32.0,22.8,7:13,18:10,31.7,28.2,S
2024-02-06,Alicante,10.6,-4.4,8:25,19:23,46.4,18.8,S
2024-02-06,Valladolid,29.3,20.1,8:16,19:59,13.6,17.5,SE
2024-02-07,Madrid,25.0,14.7,8:39,19:40,43.3,27.6,W
2024-02-07,Barcelona,13.1,-0.0,8:07,17:47,32.2,42.4,W
2024-02-07,Valencia,11.8,-1.4,7:04,17:14,26.2,1.6,S
2024-02-07,Sevilla,23.3,17.7,8:12,17:50,32.4,18.4,E
2024-02-07,Zaragoza,10.5,2.7,7:31,18:13,30.2,45.4,W
2024-02-07,Bilbao,21.8,12.6,8:37,19:47,38.8,29.3,N
2024-02-07,Granada,10.3,-4.1,6:00,19:19,30.8,0.6,N
2024-02-07,Málaga,33.5,22.5,6:08,19:03,17.6,46.3,N
2024-02-07,Alicante,25.5,16.0,7:20,18:41,42.4,36.0,SW
2024-02-07,Valladolid,26.1,13.0,6:22,19:53,46.2,23.0,S
2024-02-08,Madrid,27.3,18.3,6:33,17:55,7.3,37.5,W
2024-02-08,Barcelona,24.5,13.3,8:06,17:45,14.4,0.3,SE
2024-02-08,Valencia,13.3,1.8,6:30,18:52,5.7,16.6,SW
2024-02-08,Sevilla,17.4,12.3,6:15,17:00,34.6,40.5,SW
2024-02-08,Zaragoza,28.5,13.6,8:00,18:24,34.9,33.5,N
2024-02-08,Bilbao,13.9,2.9,8:08,18:54,21.4,9.5,E
2024-02-08,Granada,15.2,5.0,7:49,18:17,8.6,2.8,SE
2024-02-08,Málaga,16.1,1.1,6:28,17:44,43.2,23.4,W
2024-02-08,Alicante,19.7,10.2,8:30,19:45,45.0,45.9,NE
2024-02-08,Valladolid,18.9,9.0,6:41,17:01,22.5,47.9,S
2024-02-09,Madrid,19.0,13.6,8:22,17:37,31.2,27.6,SE
2024-02-09,Barcelona,23.1,11.6,6:21,17:26,45.8,29.8,NE
2024-02-09,Valencia,17.4,7.8,7:25,18:27,1.2,41.5,NW
2024-02-09,Sevilla,33.3,27.4,7:34,17:56,44.9,31.8,N
2024-02-09,Zaragoza,32.5,18.1,6:31,17:53,47.5,14.9,N
2024-02-09,Bilbao,16.3,8.6,6:53,19:31,12.5,16.4,NW
2024-02-09,Granada,36.2,25.8,8:02,17:13,7.0,0.9,NE
2024-02-09,Málaga,28.5,22.3,7:47,19:18,1.7,46.5,W
2024-02-09,Alicante,13.8,0.2,8:11,17:06,39.2,47.7,E
2024-02-09,Valladolid,10.3,4.3,6:03,18:52,35.3,15.8,SE
2024-02-10,Madrid,15.5,6.8,7:11,17:25,5.8,14.4,E
2024-02-10,Barcelona,20.7,12.0,6:35,17:36,5.5,30.2,S
2024-02-10,Valencia,18.4,8.5,8:27,17:33,15.4,41.8,NE
2024-02-10,Sevilla,15.5,7.5,7:34,18:43,5.2,28.1,N
2024-02-10,Zaragoza,20.4,7.4,6:22,18:41,31.8,14.6,SW
2024-02-10,Bilbao,13.0,4.2,8:03,18:03,36.0,30.2,E
2024-02-10,Granada,38.6,24.6,7:58,18:23,35.3,20.4,NE
2024-02-10,Málaga,36.8,24.8,7:10,19:29,5.7,21.5,NE
2024-02-10,Alicante,11.1,3.6,8:55,17:09,17.0,15.0,SW
2024-02-10,Valladolid,16.4,10.1,6:21,19:09,3.5,1.3,SE
2024-02-11,Madrid,13.2,4.7,8:36,18:39,18.9,43.6,W
2024-02-11,Barcelona,18.7,11.6,8:39,19:14,27.9,17.5,SW
2024-02-11,Valencia,39.4,29.8,8:01,17:40,2.3,36.3,E
2024-02-11,Sevilla,14.5,6.5,8:04,18:41,19.5,16.8,SW
2024-02-11,Zaragoza,18.0,10.3,7:56,18:12,21.2,15.8,S
2024-02-11,Bilbao,10.6,1.2,6:53,19:41,4.0,38.8,S
2024-02-11,Granada,26.0,16.4,8:54,18:51,20.9,22.6,SW
2024-02-11,Málaga,34.8,28.1,8:08,17:03,35.1,9.6,NE
2024-02-11,Alicante,29.3,19.8,7:10,19:26,21.3,6.7,W
2024-02-11,Valladolid,32.3,25.9,7:19,19:32,20.9,49.1,W
2024-02-12,Madrid,16.5,6.0,6:15,17:25,36.8,15.8,NW
2024-02-12,Barcelona,30.2,19.1,8:12,18:16,20.3,5.1,W
2024-02-12,Valencia,19.8,13.2,7:48,17:11,35.7,34.7,NW
2024-02-12,Sevilla,34.8,25.3,8:42,19:11,46.4,40.6,E
2024-02-12,Zaragoza,32.8,27.7,8:44,17:06,33.3,9.0,E
2024-02-12,Bilbao,32.0,17.9,8:28,17:46,4.7,29.0,E
2024-02-12,Granada,14.2,9.2,7:00,18:23,37.1,5.2,W
2024-02-12,Málaga,15.3,7.2,6:00,19:38,32.7,23.3,NE
2024-02-12,Alicante,22.9,15.3,6:20,18:31,3.4,10.7,S
2024-02-12,Valladolid,39.8,27.2,6:29,18:21,2.0,1.5,N
2024-02-13,Madrid,20.4,9.7,7:31,17:02,8.9,22.0,NW
2024-02-13,Barcelona,18.0,9.2,8:18,17:50,45.8,44.2,NW
2024-02-13,Valencia,22.9,15.9,7:44,19:06,11.1,25.2,NE
2024-02-13,Sevilla,14.3,2.3,7:51,19:35,41.7,34.7,N
2024-02-13,Zaragoza,26.9,12.0,6:21,17:19,22.5,17.7,NW
2024-02-13,Bilbao,30.5,21.8,6:24,18:25,5.4,7.0,SE
2024-02-13,Granada,18.1,7.1,8:58,19:59,10.3,0.4,S
2024-02-13,Málaga,23.6,8.9,7:36,19:13,0.7,14.6,NE
2024-02-13,Alicante,13.5,4.7,6:44,17:02,24.2,33.6,SE
2024-02-13,Valladolid,19.4,7.7,8:05,17:50,10.4,18.3,E
2024-02-14,Madrid,20.6,14.9,8:44,17:43,9.2,42.1,SE
2024-02-14,Barcelona,32.9,24.9,7:21,18:15,39.3,32.1,NE
2024-02-14,Valencia,20.3,9.4,8:39,17:32,18.2,48.9,SE
2024-02-14,Sevilla,23.8,8.9,8:00,18:56,15.5,26.1,N
2024-02-14,Zaragoza,32.4,22.5,8:03,19:12,26.4,9.9,S
2024-02-14,Bilbao,10.9,-1.8,8:16,19:30,18.5,48.1,E
2024-02-14,Granada,25.8,12.3,6:15,17:30,6.9,25.0,SE
2024-02-14,Málaga,39.8,34.6,6:58,17:56,42.2,10.3,SW
2024-02-14,Alicante,34.7,21.6,8:31,18:05,12.1,17.2,SW
2024-02-14,Valladolid,33.6,21.6,6:56,17:52,18.4,36.8,S
2024-02-15,Madrid,29.1,21.8,6:15,17:57,14.0,35.3,SE
2024-02-15,Barcelona,24.2,11.0,8:04,18:05,45.2,37.7,W
2024-02-15,Valencia,22.8,10.9,6:19,17:19,7.8,36.2,E
2024-02-15,Sevilla,10.3,4.3,8:32,17:32,19.6,3.4,SW
2024-02-15,Zaragoza,10.5,-4.0,8:28,19:44,48.0,11.7,N
2024-02-15,Bilbao,12.3,4.9,7:22,18:36,39.9,39.8,W
2024-02-15,Granada,38.6,30.2,7:40,18:34,21.5,15.4,N
2024-02-15,Málaga,26.7,20.2,6:01,18:55,48.0,14.5,S
2024-02-15,Alicante,16.0,5.2,7:13,18:41,6.8,16.0,E
2024-02-15,Valladolid,34.9,26.7,8:17,18:05,6.9,15.3,NE
2024-02-16,Madrid,17.1,8.4,6:47,18:31,21.4,36.9,W
2024-02-16,Barcelona,30.6,19.1,6:00,18:49,39.0,7.8,SE
2024-02-16,Valencia,11.7,-0.3,8:30,18:12,27.4,23.8,W
2024-02-16,Sevilla,16.4,5.8,7:37,19:20,30.4,16.0,NE
2024-02-16,Zaragoza,13.2,0.2,7:06,18:52,24.3,12.3,S
2024-02-16,Bilbao,17.1,4.8,6:41,17:09,5.9,19.0,NW
2024-02-16,Granada,38.3,27.6,6:38,18:28,27.7,31.5,S
2024-02-16,Málaga,10.1,-3.3,6:35,17:51,24.9,6.1,SW
2024-02-16,Alicante,17.6,12.3,6:06,18:30,42.6,38.8,SE
2024-02-16,Valladolid,36.2,27.7,6:52,18:34,22.7,40.1,W
2024-02-17,Madrid,23.3,10.5,6:07,19:51,38.0,6.5,NE
2024-02-17,Barcelona,23.9,10.3,8:43,17:33,19.2,2.3,NE
2024-02-17,Valencia,19.3,14.3,8:03,19:10,48.3,19.8,W
2024-02-17,Sevilla,28.8,20.9,7:54,17:22,43.1,4.4,SW
2024-02-17,Zaragoza,22.5,7.6,6:42,18:54,29.6,29.7,N
2024-02-17,Bilbao,19.1,12.3,7:07,17:44,32.1,27.7,E
2024-02-17,Granada,32.4,21.0,8:13,17:24,23.3,6.4,S
2024-02-17,Málaga,15.1,5.2,7:29,19:43,48.9,9.9,NW
2024-02-17,Alicante,20.6,12.7,6:46,19:02,47.7,34.5,W
2024-02-17,Valladolid,21.7,13.6,8:48,18:33,18.0,12.8,W
2024-02-18,Madrid,36.1,27.3,7:13,17:15,6.7,14.1,N
2024-02-18,Barcelona,12.7,-0.9,6:24,19:46,32.7,2.8,W
2024-02-18,Valencia,24.6,15.7,8:09,18:39,15.1,9.9,S
2024-02-18,Sevilla,39.9,25.9,6:00,17:30,32.3,43.8,E
2024-02-18,Zaragoza,39.6,26.7,6:06,18:14,11.7,17.3,SW
2024-02-18,Bilbao,30.1,20.9,7:58,17:33,4.4,4.7,NW
2024-02-18,Granada,21.2,9.6,8:25,17:19,14.1,0.4,SW
2024-02-18,Málaga,11.9,-0.6,6:16,17:42,15.7,22.8,S
2024-02-18,Alicante,20.8,14.8,6:54,17:31,17.8,21.6,N
2024-02-18,Valladolid,13.1,2.8,6:30,17:51,12.2,35.1,W
2024-02-19,Madrid,29.5,17.4,7:02,18:38,15.5,22.9,S
2024-02-19,Barcelona,23.3,11.5,7:41,18:29,32.5,45.1,NE
2024-02-19,Valencia,25.0,15.1,6:07,17:09,20.4,12.3,N
2024-02-19,Sevilla,17.9,12.6,7:01,18:18,13.2,5.2,NW
2024-02-19,Zaragoza,39.7,25.2,7:20,17:49,1.4,35.9,SE
2024-02-19,Bilbao,10.0,-2.5,6:34,17:49,37.5,38.5,W
2024-02-19,Granada,33.1,26.3,8:22,17:09,43.9,31.7,NW
2024-02-19,Málaga,31.4,20.3,8:42,18:56,8.6,20.9,SE
2024-02-19,Alicante,26.5,21.4,7:12,18:42,34.7,26.0,SW
2024-02-19,Valladolid,17.4,11.1,8:31,18:33,20.0,43.6,NW
2024-02-20,Madrid,30.1,17.4,6:59,19:47,5.9,7.5,E
2024-02-20,Barcelona,26.3,14.9,7:44,17:39,9.7,2.6,E
2024-02-20,Valencia,27.5,18.3,6:33,19:51,0.1,10.8,NE
2024-02-20,Sevilla,29.7,17.8,6:21,17:57,22.5,43.9,SE
2024-02-20,Zaragoza,26.7,12.8,8:14,19:29,17.4,35.7,S
2024-02-20,Bilbao,26.7,12.5,8:02,17:54,33.7,37.0,NE
2024-02-20,Granada,16.4,2.5,7:45,17:58,29.1,5.4,SW
2024-02-20,Málaga,38.6,24.4,8:40,18:45,7.3,3.0,SW
2024-02-20,Alicante,39.0,32.5,8:45,19:33,29.1,10.1,N
2024-02-20,Valladolid,39.1,29.1,7:49,18:27,45.9,19.5,SW
2024-02-21,Madrid,11.8,4.5,8:38,19:19,15.0,17.3,S
2024-02-21,Barcelona,22.5,13.4,7:43,17:00,31.9,28.2,E
2024-02-21,Valencia,13.6,8.3,7:37,17:14,13.6,0.6,E
2024-02-21,Sevilla,24.1,17.7,6:25,18:51,31.8,27.0,SE
2024-02-21,Zaragoza,36.3,25.5,6:45,19:28,40.0,32.1,N
2024-02-21,Bilbao,12.3,-0.2,6:18,18:56,15.0,37.2,E
2024-02-21,Granada,25.2,19.4,8:09,17:37,34.2,33.2,N
2024-02-21,Málaga,20.3,11.7,7:39,18:11,23.4,32.4,W
2024-02-21,Alicante,27.0,21.2,7:02,19:07,48.7,17.6,E
2024-02-21,Valladolid,23.2,8.7,7:59,18:12,28.3,34.3,NE
2024-02-22,Madrid,36.5,22.5,8:49,18:22,32.3,37.9,N
2024-02-22,Barcelona,24.0,10.3,6:05,17:32,26.9,17.0,N
2024-02-22,Valencia,38.6,30.5,6:49,18:41,4.4,49.1,SW
2024-02-22,Sevilla,26.8,19.5,8:10,18:13,32.7,18.1,SW
2024-02-22,Zaragoza,16.2,6.6,7:48,19:08,18.9,37.1,NW
2024-02-22,Bilbao,10.7,1.4,7:16,18:50,5.5,49.5,S
2024-02-22,Granada,36.0,29.9,8:38,18:34,11.9,49.7,W
2024-02-22,Málaga,37.6,27.4,6:05,17:27,29.0,47.3,S
2024-02-22,Alicante,24.0,14.7,8:00,18:32,12.3,23.1,SE
2024-02-22,Valladolid,14.0,3.3,7:05,18:37,35.7,10.3,SW
2024-02-23,Madrid,21.6,7.3,7:10,17:56,24.0,48.6,SW
2024-02-23,Barcelona,36.9,22.4,8:36,17:40,23.3,14.0,E
2024-02-23,Valencia,32.4,20.7,7:15,17:09,44.2,10.3,W
2024-02-23,Sevilla,15.8,2.4,7:11,19:26,23.3,14.4,N
2024-02-23,Zaragoza,14.4,3.2,6:06,19:00,49.6,7.5,SE
2024-02-23,Bilbao,19.4,10.9,8:37,17:16,0.8,19.4,E
2024-02-23,Granada,30.8,25.2,7:09,19:57,12.7,14.3,S
2024-02-23,Málaga,24.5,12.3,7:58,17:09,36.7,45.7,NE
2024-02-23,Alicante,18.2,7.4,8:34,17:23,37.6,5.2,E
2024-02-23,Valladolid,13.8,3.1,6:45,18:55,18.9,3.2,SE
2024-02-24,Madrid,39.1,33.0,8:09,18:57,8.6,38.8,NE
2024-02-24,Barcelona,13.8,6.5,8:59,17:32,39.0,20.1,N
2024-02-24,Valencia,22.3,12.7,6:15,17:08,9.1,22.2,N
2024-02-24,Sevilla,35.5,30.4,7:12,18:12,11.0,33.0,NW
2024-02-24,Zaragoza,17.7,8.2,6:10,19:29,49.2,14.8,W
2024-02-24,Bilbao,24.5,16.3,7:02,18:59,11.9,6.2,N
2024-02-24,Granada,21.8,9.1,7:06,19:25,35.9,2.7,NE
2024-02-24,Málaga,35.5,22.3,7:43,17:32,31.5,19.1,NW
2024-02-24,Alicante,37.5,30.1,8:49,18:02,6.0,31.5,W
2024-02-24,Valladolid,16.1,1.4,6:58,17:37,1.9,36.9,N
2024-02-25,Madrid,15.0,5.3,6:36,19:20,29.6,18.8,E
2024-02-25,Barcelona,17.0,4.9,7:05,18:32,12.0,35.3,W
2024-02-25,Valencia,31.0,24.0,6:47,19:10,12.2,15.0,SW
2024-02-25,Sevilla,33.3,28.1,7:15,18:26,10.5,9.1,NE
2024-02-25,Zaragoza,23.8,15.6,7:53,17:17,35.3,9.1,NE
2024-02-25,Bilbao,22.8,10.3,7:53,18:21,49.3,40.4,E
2024-02-25,Granada,17.3,3.4,6:50,19:43,7.7,10.5,SE
2024-02-25,Málaga,37.2,24.0,6:17,17:57,49.6,35.4,N
2024-02-25,Alicante,34.1,27.9,6:15,18:42,8.2,1.2,NW
2024-02-25,Valladolid,27.9,17.5,6:46,17:16,15.6,20.7,W
2024-02-26,Madrid,26.2,11.6,8:59,19:49,6.4,24.8,W
2024-02-26,Barcelona,32.6,25.0,6:25,17:17,28.3,2.6,SE
2024-02-26,Valencia,11.0,-2.4,8:24,17:41,46.9,26.5,SE
2024-02-26,Sevilla,19.9,12.6,8:02,19:04,35.7,35.0,S
2024-02-26,Zaragoza,27.2,15.7,6:17,17:09,29.2,3.0,E
2024-02-26,Bilbao,11.2,0.7,7:19,18:50,6.5,33.2,NW
2024-02-26,Granada,19.1,9.3,6:51,18:22,27.6,11.7,SW
2024-02-26,Málaga,39.8,25.0,6:07,17:14,33.8,40.1,S
2024-02-26,Alicante,19.2,8.7,6:07,17:13,12.4,9.1,S
2024-02-26,Valladolid,38.9,31.3,6:55,19:09,5.0,27.2,E
2024-02-27,Madrid,11.0,-2.5,7:52,19:48,9.8,15.0,N
2024-02-27,Barcelona,21.1,13.3,6:26,18:14,37.9,14.1,NE
2024-02-27,Valencia,25.8,16.5,8:20,17:21,15.1,42.8,N
2024-02-27,Sevilla,28.2,18.5,6:52,19:53,3.7,20.4,SE
2024-02-27,Zaragoza,38.2,32.7,8:07,19:44,40.1,5.1,E
2024-02-27,Bilbao,21.5,9.0,8:53,17:41,48.1,1.9,SE
2024-02-27,Granada,39.3,31.4,6:20,18:26,23.7,33.7,NW
2024-02-27,Málaga,32.7,20.3,7:37,18:04,43.6,29.1,SW
2024-02-27,Alicante,29.5,19.6,6:14,19:17,44.8,49.9,N
2024-02-27,Valladolid,32.4,19.1,8:09,17:28,30.5,16.1,NW
2024-02-28,Madrid,23.0,17.7,6:43,18:44,42.1,29.5,E
2024-02-28,Barcelona,13.0,7.3,6:04,18:55,29.2,40.9,NE
2024-02-28,Valencia,34.0,20.7,7:35,18:04,46.7,3.3,W
2024-02-28,Sevilla,35.8,23.5,8:24,18:43,23.0,6.7,S
2024-02-28,Zaragoza,22.3,9.5,8:21,17:29,38.0,30.3,NW
2024-02-28,Bilbao,28.2,20.6,8:19,19:50,22.1,30.4,NW
2024-02-28,Granada,17.9,6.9,8:12,19:35,38.4,20.9,NW
2024-02-28,Málaga,25.3,18.9,7:59,18:51,16.2,22.6,E
2024-02-28,Alicante,25.8,19.7,7:33,17:13,26.9,21.3,N
2024-02-28,Valladolid,25.0,11.2,6:03,18:17,38.8,20.7,NW
2024-02-29,Madrid,27.5,18.1,8:07,19:03,38.0,47.5,SE
2024-02-29,Barcelona,14.2,6.8,7:57,19:43,8.9,1.5,N
2024-02-29,Valencia,35.1,22.8,7:30,19:09,20.0,14.5,SW
2024-02-29,Sevilla,30.7,20.1,8:53,19:01,42.6,7.2,NW
2024-02-29,Zaragoza,38.6,24.1,8:44,18:40,34.4,13.8,W
2024-02-29,Bilbao,31.8,19.1,7:10,18:33,23.5,43.1,E
2024-02-29,Granada,21.1,14.3,6:16,19:22,3.7,32.8,E
2024-02-29,Málaga,37.7,28.7,8:45,17:48,25.6,46.8,NW
2024-02-29,Alicante,25.5,12.7,7:10,17:00,7.8,8.4,SW
2024-02-29,Valladolid,22.4,12.0,8:57,17:24,22.1,1.8,W
2024-03-01,Madrid,11.6,-0.1,7:25,17:53,34.8,25.5,N
2024-03-01,Barcelona,29.6,15.3,6:28,17:18,43.9,36.9,S
2024-03-01,Valencia,37.4,30.7,7:00,17:26,3.9,9.3,NE
2024-03-01,Sevilla,12.9,7.1,6:26,17:51,2.8,47.7,S
2024-03-01,Zaragoza,32.6,18.6,8:57,19:29,29.1,46.9,S
2024-03-01,Bilbao,11.6,0.4,8:52,17:43,11.0,15.1,S
2024-03-01,Granada,12.5,7.2,7:24,18:53,24.3,7.4,N
2024-03-01,Málaga,32.5,17.6,8:13,19:38,43.7,38.0,W
2024-03-01,Alicante,22.4,14.5,8:08,19:31,34.2,0.4,E
2024-03-01,Valladolid,24.3,11.2,8:16,19:27,17.9,49.3,NW
2024-03-02,Madrid,35.4,20.6,8:03,19:27,1.7,10.2,SE
2024-03-02,Barcelona,35.3,22.4,8:02,19:28,8.4,49.7,W
2024-03-02,Valencia,35.4,22.3,7:31,17:57,16.7,7.4,SE
2024-03-02,Sevilla,17.8,7.9,8:15,17:25,31.6,2.6,W
2024-03-02,Zaragoza,25.0,17.2,8:24,18:28,31.0,6.3,W
2024-03-02,Bilbao,10.9,-2.7,7:44,18:53,2.8,45.7,S
2024-03-02,Granada,32.0,21.4,7:56,18:06,44.8,6.2,NW
2024-03-02,Málaga,31.3,21.3,8:01,18:13,11.3,14.3,SE
2024-03-02,Alicante,13.3,6.4,8:29,17:01,27.1,6.9,SW
2024-03-02,Valladolid,30.3,15.8,6:13,19:38,15.4,26.8,E
2024-03-03,Madrid,11.7,3.0,8:31,17:11,3.7,7.3,SW
2024-03-03,Barcelona,38.1,29.0,6:45,17:47,13.8,0.9,E
2024-03-03,Valencia,31.7,20.9,8:04,18:35,47.4,22.8,NW
2024-03-03,Sevilla,37.6,30.8,6:45,19:55,29.0,38.2,N
2024-03-03,Zaragoza,17.9,5.8,7:41,17:27,43.2,5.4,S
2024-03-03,Bilbao,39.4,28.7,8:14,19:07,13.4,28.0,W
2024-03-03,Granada,18.8,7.4,7:23,18:02,29.1,43.4,S
2024-03-03,Málaga,11.8,5.0,8:44,18:36,29.8,20.9,NE
2024-03-03,Alicante,17.6,3.9,8:22,19:32,3.7,13.6,SE
2024-03-03,Valladolid,15.9,6.0,6:02,19:03,39.9,34.5,N
2024-03-04,Madrid,23.8,12.8,6:16,19:58,3.7,42.3,NW
2024-03-04,Barcelona,19.8,14.5,8:31,19:15,13.9,36.1,S
2024-03-04,Valencia,17.3,2.4,8:17,17:13,2.7,47.2,SW
2024-03-04,Sevilla,35.9,21.0,8:23,17:24,8.5,31.0,NE
2024-03-04,Zaragoza,23.6,17.7,7:57,17:09,24.0,27.2,NE
2024-03-04,Bilbao,12.6,6.3,8:07,17:43,48.8,28.4,SW
2024-03-04,Granada,25.2,11.5,8:53,18:26,37.8,43.9,W
2024-03-04,Málaga,24.6,18.4,7:26,19:35,5.0,7.0,S
2024-03-04,Alicante,15.2,8.5,6:18,18:34,44.5,35.8,N
2024-03-04,Valladolid,18.5,5.1,7:21,17:30,19.8,16.2,W
2024-03-05,Madrid,27.2,21.1,6:44,17:52,26.6,33.0,NE
2024-03-05,Barcelona,29.8,17.3,7:29,17:24,2.3,16.7,E
2024-03-05,Valencia,35.2,21.3,6:04,18:06,2.2,43.5,W
2024-03-05,Sevilla,15.6,8.7,8:10,19:44,7.5,15.4,S
2024-03-05,Zaragoza,22.7,11.5,6:09,18:49,13.8,0.1,NW
2024-03-05,Bilbao,18.7,9.4,7:25,19:26,39.5,5.0,NE
2024-03-05,Granada,37.7,26.8,8:25,17:57,2.7,24.0,N
2024-03-05,Málaga,20.0,10.7,7:00,18:30,12.7,31.1,W
2024-03-05,Alicante,10.1,-2.8,6:20,19:00,28.0,12.6,S
2024-03-05,Valladolid,11.3,0.2,7:45,17:35,35.3,31.4,W
2024-03-06,Madrid,13.2,-1.0,8:12,19:43,23.7,43.3,E
2024-03-06,Barcelona,39.6,34.2,8:55,19:35,36.3,6.7,N
2024-03-06,Valencia,18.4,5.5,7:16,17:13,10.8,8.6,S
2024-03-06,Sevilla,16.8,8.3,6:26,18:21,37.1,32.0,N
2024-03-06,Zaragoza,30.8,21.3,7:19,17:16,8.5,42.7,N
2024-03-06,Bilbao,38.4,27.8,6:12,17:21,44.5,33.7,SW
2024-03-06,Granada,13.3,1.8,8:11,18:21,12.8,40.1,NE
2024-03-06,Málaga,16.6,5.3,6:44,19:04,35.7,28.2,SW
2024-03-06,Alicante,13.2,1.2,6:48,18:23,49.0,16.7,E
2024-03-06,Valladolid,13.1,7.5,7:33,19:53,44.9,34.2,N
2024-03-07,Madrid,26.7,20.7,7:58,17:03,39.3,1.9,SW
2024-03-07,Barcelona,24.4,18.0,6:51,17:32,14.9,27.8,E
2024-03-07,Valencia,28.9,15.9,6:47,18:06,4.9,27.9,S
2024-03-07,Sevilla,35.4,21.2,8:40,19:19,4.8,13.1,SW
2024-03-07,Zaragoza,35.3,21.9,8:38,18:58,28.4,45.9,S
2024-03-07,Bilbao,10.9,-2.3,8:24,17:53,27.5,29.1,W
2024-03-07,Granada,13.4,6.9,7:16,17:09,4.9,22.4,SE
2024-03-07,Málaga,28.8,17.7,7:17,17:23,9.0,8.2,SE
2024-03-07,Alicante,11.6,4.3,7:07,17:05,1.0,17.2,N
2024-03-07,Valladolid,36.1,29.2,7:54,18:16,4.6,23.9,NE
2024-03-08,Madrid,33.5,24.7,7:41,17:32,29.4,24.5,NW
2024-03-08,Barcelona,32.6,23.1,8:22,18:51,37.6,45.4,NE
2024-03-08,Valencia,31.1,20.8,8:02,17:02,22.8,24.1,E
2024-03-08,Sevilla,14.9,2.2,7:39,19:39,1.7,15.1,SE
2024-03-08,Zaragoza,13.4,-0.8,7:21,19:47,17.8,2.0,NW
2024-03-08,Bilbao,29.6,24.1,8:02,18:11,47.3,1.4,SE
2024-03-08,Granada,17.9,5.8,8:49,17:02,33.7,37.1,S
2024-03-08,Málaga,37.7,32.0,6:40,17:53,5.1,7.4,SW
2024-03-08,Alicante,28.9,16.5,8:28,17:45,29.4,32.7,NE
2024-03-08,Valladolid,24.7,9.8,7:30,18:14,20.2,40.7,N
2024-03-09,Madrid,22.9,8.7,7:04,19:35,18.4,18.1,NE
2024-03-09,Barcelona,19.7,6.0,8:02,17:39,13.5,49.2,W
2024-03-09,Valencia,19.4,7.7,7:11,19:21,38.1,35.7,S
2024-03-09,Sevilla,34.2,26.7,8:19,19:25,49.5,12.2,NW
2024-03-09,Zaragoza,25.1,15.7,8:54,18:24,27.9,26.2,W
2024-03-09,Bilbao,32.7,26.1,6:30,18:25,38.9,45.1,E
2024-03-09,Granada,21.4,8.6,6:49,18:29,8.0,43.7,E
2024-03-09,Málaga,16.8,3.9,8:35,18:50,42.5,44.2,E
2024-03-09,Alicante,24.7,19.6,8:29,17:51,5.2,19.6,S
2024-03-09,Valladolid,35.9,22.9,6:46,17:41,2.7,34.9,SW
2024-03-10,Madrid,22.7,10.7,7:26,18:54,23.5,39.7,S
2024-03-10,Barcelona,35.2,29.9,8:56,17:25,21.7,13.0,SW
2024-03-10,Valencia,37.8,23.4,8:26,18:49,31.0,0.5,E
2024-03-10,Sevilla,25.1,14.4,7:36,18:35,41.8,20.5,NW
2024-03-10,Zaragoza,16.4,10.9,8:26,19:52,20.3,39.1,NW
2024-03-10,Bilbao,14.1,1.7,6:40,19:13,16.3,0.3,SW
2024-03-10,Granada,21.1,14.4,6:16,19:00,47.0,3.3,SW
2024-03-10,Málaga,36.3,25.5,8:51,19:28,25.7,26.2,N
2024-03-10,Alicante,25.4,11.2,7:30,18:49,39.2,9.3,SW
2024-03-10,Valladolid,20.7,7.3,8:02,19:58,20.8,5.2,NW
2024-03-11,Madrid,18.2,7.2,7:27,17:34,43.9,42.6,S
2024-03-11,Barcelona,38.2,31.5,7:46,17:11,21.0,43.0,S
2024-03-11,Valencia,24.2,17.0,8:22,19:59,29.9,37.4,SE
2024-03-11,Sevilla,23.9,16.4,8:18,18:19,26.4,10.1,NE
2024-03-11,Zaragoza,39.0,25.4,6:42,18:51,4.6,18.4,W
2024-03-11,Bilbao,14.1,0.2,7:36,19:15,33.4,42.9,E
2024-03-11,Granada,24.5,13.2,6:02,19:56,10.4,47.5,NE
2024-03-11,Málaga,20.9,9.0,6:31,19:36,10.8,14.8,NW
2024-03-11,Alicante,36.5,28.9,7:18,17:17,30.3,30.5,SE
2024-03-11,Valladolid,12.2,6.4,7:51,18:55,16.9,38.3,SE
2024-03-12,Madrid,12.8,2.5,7:29,17:43,49.1,46.4,NW
2024-03-12,Barcelona,28.0,15.1,6:03,18:31,31.6,12.6,S
2024-03-12,Valencia,19.2,9.0,7:18,17:10,6.4,49.5,NW
2024-03-12,Sevilla,11.6,-0.8,8:26,18:25,3.2,4.5,NE
2024-03-12,Zaragoza,28.6,18.1,6:12,18:21,38.9,21.6,NE
2024-03-12,Bilbao,22.3,16.3,7:42,17:32,13.6,40.6,NE
2024-03-12,Granada,13.5,-0.9,7:53,19:10,29.9,2.2,S
2024-03-12,Málaga,12.9,2.3,7:08,19:36,26.2,14.2,SW
2024-03-12,Alicante,33.9,21.3,8:47,18:34,31.7,14.3,E
2024-03-12,Valladolid,21.8,14.2,6:05,18:02,41.4,7.8,SW
2024-03-13,Madrid,23.1,14.1,7:58,19:18,37.6,27.3,S
2024-03-13,Barcelona,24.2,11.6,7:13,17:57,15.7,27.7,NW
2024-03-13,Valencia,18.8,4.8,8:17,19:34,5.2,28.8,NW
2024-03-13,Sevilla,29.6,22.6,8:04,19:26,31.2,12.8,NE
2024-03-13,Zaragoza,11.9,-1.9,6:06,17:12,42.0,20.6,E
2024-03-13,Bilbao,39.0,26.9,6:23,18:28,3.0,28.9,NW
2024-03-13,Granada,28.6,20.6,8:46,19:41,11.7,1.1,SW
2024-03-13,Málaga,20.7,11.3,7:53,18:37,43.6,1.4,N
2024-03-13,Alicante,13.8,3.7,6:58,19:50,13.9,35.1,W
2024-03-13,Valladolid,21.3,6.7,7:29,19:15,19.2,40.5,NE
2024-03-14,Madrid,20.6,13.6,6:28,18:19,12.9,16.3,NE
2024-03-14,Barcelona,11.9,0.7,7:26,18:00,32.9,2.6,N
2024-03-14,Valencia,22.2,7.8,7:54,18:56,45.3,23.0,S
2024-03-14,Sevilla,27.9,16.6,6:18,18:17,15.1,24.9,NW
2024-03-14,Zaragoza,24.5,9.6,6:07,17:39,46.1,17.7,SE
2024-03-14,Bilbao,14.6,2.9,7:31,18:53,4.4,21.6,SW
2024-03-14,Granada,10.2,-3.6,8:42,17:23,28.9,19.1,NW
2024-03-14,Málaga,19.9,12.7,8:42,18:18,20.2,9.9,W
2024-03-14,Alicante,23.1,17.6,8:30,18:39,10.5,9.7,SW
2024-03-14,Valladolid,13.3,7.1,7:03,17:44,29.2,33.1,NW
2024-03-15,Madrid,37.4,26.8,8:17,19:25,49.8,45.0,N
2024-03-15,Barcelona,37.2,23.3,7:36,18:21,46.4,11.6,SW
2024-03-15,Valencia,17.1,5.6,8:47,19:47,20.5,40.2,SE
2024-03-15,Sevilla,23.8,11.0,6:03,19:19,41.4,49.0,NW
2024-03-15,Zaragoza,24.5,16.8,7:52,17:04,29.4,44.1,NW
2024-03-15,Bilbao,33.1,19.5,7:25,17:58,48.4,31.2,S
2024-03-15,Granada,10.1,3.6,7:57,19:10,19.7,24.6,N
2024-03-15,Málaga,22.2,8.0,7:14,19:29,25.9,12.2,NW
2024-03-15,Alicante,13.3,0.3,8:31,17:33,12.9,47.3,N
2024-03-15,Valladolid,10.7,-2.5,6:02,19:33,13.6,45.7,E
2024-03-16,Madrid,37.7,23.7,7:51,17:45,28.4,41.7,S
2024-03-16,Barcelona,26.6,16.6,8:43,17:26,32.7,33.7,W
2024-03-16,Valencia,33.0,24.1,7:49,17:27,24.0,38.5,SW
2024-03-16,Sevilla,21.0,8.4,8:17,17:22,49.0,32.1,E
2024-03-16,Zaragoza,16.6,2.7,8:47,18:35,28.9,27.5,NW
2024-03-16,Bilbao,31.9,25.2,7:51,18:28,49.3,1.6,SE
2024-03-16,Granada,13.2,1.5,8:24,18:12,46.3,1.4,SW
2024-03-16,Málaga,37.4,28.4,7:00,19:58,3.2,24.6,E
2024-03-16,Alicante,10.5,-1.7,8:58,18:21,32.8,45.9,SW
2024-03-16,Valladolid,16.1,9.9,6:45,19:07,0.9,39.4,W
2024-03-17,Madrid,33.7,22.2,6:40,17:56,42.4,5.9,SE
2024-03-17,Barcelona,13.0,4.0,7:39,17:04,33.4,17.2,E
2024-03-17,Valencia,34.5,19.6,8:15,17:06,39.5,31.6,N
2024-03-17,Sevilla,10.5,5.3,7:51,19:56,39.6,29.0,SE
2024-03-17,Zaragoza,26.8,13.8,8:29,19:19,7.8,48.3,S
2024-03-17,Bilbao,16.3,4.6,6:49,19:27,12.8,36.4,E
2024-03-17,Granada,33.8,22.9,7:54,17:21,18.4,30.2,N
2024-03-17,Málaga,17.0,3.4,6:47,19:01,21.0,13.3,NW
2024-03-17,Alicante,31.3,19.0,8:36,18:34,43.1,13.7,S
2024-03-17,Valladolid,19.5,5.5,8:09,17:06,32.3,17.2,NW
2024-03-18,Madrid,22.2,11.7,8:27,19:10,7.5,45.7,W
2024-03-18,Barcelona,18.6,9.3,7:14,19:48,2.1,21.3,S
2024-03-18,Valencia,27.0,16.4,8:18,18:32,1.2,19.0,S
2024-03-18,Sevilla,37.6,22.8,6:13,17:37,27.5,46.3,NW
2024-03-18,Zaragoza,20.8,15.0,7:37,19:05,7.9,43.2,NW
2024-03-18,Bilbao,29.1,14.3,7:41,17:39,2.7,25.7,NW
2024-03-18,Granada,12.9,4.0,7:28,17:04,33.2,43.8,SW
2024-03-18,Málaga,27.5,13.9,6:56,18:19,14.5,34.4,N
2024-03-18,Alicante,22.8,16.1,7:09,18:31,44.3,35.3,S
2024-03-18,Valladolid,33.0,27.7,8:02,17:24,31.5,23.0,W
2024-03-19,Madrid,12.9,2.5,7:15,18:14,22.9,40.4,S
2024-03-19,Barcelona,12.0,5.7,8:57,18:19,28.5,13.2,E
2024-03-19,Valencia,17.0,9.7,7:54,17:18,15.0,15.2,SE
2024-03-19,Sevilla,25.1,14.3,7:38,17:57,41.1,20.7,S
2024-03-19,Zaragoza,22.2,16.9,8:33,18:06,0.4,15.5,E
2024-03-19,Bilbao,28.7,22.4,8:40,17:42,9.8,45.4,NW
2024-03-19,Granada,26.3,20.2,6:46,17:46,10.7,13.6,SE
2024-03-19,Málaga,18.0,5.5,7:39,18:31,41.3,29.8,NW
2024-03-19,Alicante,30.9,17.9,6:57,17:48,10.5,46.6,SE
2024-03-19,Valladolid,17.2,7.8,8:25,19:43,1.2,30.4,W
2024-03-20,Madrid,37.4,29.9,7:06,18:34,25.3,34.6,S
2024-03-20,Barcelona,23.1,8.5,7:25,17:20,48.4,6.9,SW
2024-03-20,Valencia,26.2,21.0,8:45,18:19,25.8,17.3,E
2024-03-20,Sevilla,39.3,33.4,7:30,19:49,17.4,12.2,NW
2024-03-20,Zaragoza,34.3,27.1,8:32,18:12,49.4,47.2,SW
2024-03-20,Bilbao,12.2,2.4,7:50,17:52,28.2,36.5,W
2024-03-20,Granada,32.7,24.2,8:29,18:03,34.1,29.3,SE
2024-03-20,Málaga,32.2,17.7,8:24,18:06,36.7,4.5,SE
2024-03-20,Alicante,23.3,10.5,7:36,19:24,28.5,33.6,N
2024-03-20,Valladolid,13.2,3.0,6:00,17:09,15.6,31.0,NW
2024-03-21,Madrid,11.8,-0.6,8:20,17:52,43.9,48.9,N
2024-03-21,Barcelona,29.4,15.3,6:34,19:54,1.6,14.5,S
2024-03-21,Valencia,18.3,8.8,6:58,17:13,8.1,24.7,SE
2024-03-21,Sevilla,35.1,22.5,7:17,19:02,8.8,13.0,SW
2024-03-21,Zaragoza,37.4,31.0,6:52,18:59,38.6,13.5,NE
2024-03-21,Bilbao,19.0,13.6,7:24,17:22,37.7,33.1,W
2024-03-21,Granada,18.7,8.5,8:51,19:13,24.8,33.8,W
2024-03-21,Málaga,14.1,2.1,7:24,17:30,7.7,4.8,SE
2024-03-21,Alicante,34.8,24.9,6:48,17:14,6.6,33.2,W
2024-03-21,Valladolid,32.7,27.6,7:52,18:00,45.6,47.8,NW
2024-03-22,Madrid,12.5,2.3,7:57,19:06,22.3,21.3,N
2024-03-22,Barcelona,16.7,7.2,7:00,17:37,20.9,0.2,W
2024-03-22,Valencia,26.4,21.0,6:36,17:06,38.6,4.5,NW
2024-03-22,Sevilla,28.7,19.9,7:43,18:18,25.9,16.3,W
2024-03-22,Zaragoza,14.9,4.3,7:26,19:14,20.4,1.8,N
2024-03-22,Bilbao,22.9,9.3,7:36,17:53,41.6,41.4,SW
2024-03-22,Granada,35.9,24.3,6:04,18:22,42.5,30.3,SE
2024-03-22,Málaga,34.3,20.6,6:33,18:43,31.0,20.7,N
2024-03-22,Alicante,35.8,20.9,6:52,18:51,27.7,6.1,NW
2024-03-22,Valladolid,31.6,16.6,6:57,19:18,42.3,22.0,E
2024-03-23,Madrid,11.8,0.6,8:57,19:21,2.1,42.7,NW
2024-03-23,Barcelona,22.2,9.0,6:30,18:31,9.5,39.1,SE
2024-03-23,Valencia,36.1,27.2,7:03,19:49,25.8,45.8,N
2024-03-23,Sevilla,14.8,8.1,8:55,18:56,9.2,42.9,S
2024-03-23,Zaragoza,22.3,13.5,8:17,18:58,19.0,39.3,SW
2024-03-23,Bilbao,39.8,29.0,7:29,17:41,0.1,6.4,N
2024-03-23,Granada,23.6,15.8,8:56,17:26,36.7,40.3,NW
2024-03-23,Málaga,35.0,21.0,6:03,19:44,17.5,2.6,W
2024-03-23,Alicante,38.4,25.1,6:32,19:29,33.3,19.1,SE
2024-03-23,Valladolid,22.3,16.8,6:52,17:51,1.1,23.9,NW
2024-03-24,Madrid,22.5,15.9,7:46,19:30,35.0,47.8,E
2024-03-24,Barcelona,12.0,5.0,6:01,17:36,15.8,19.9,E
2024-03-24,Valencia,13.0,7.3,6:18,19:31,45.2,1.3,SE
2024-03-24,Sevilla,10.8,5.3,7:56,18:15,19.6,38.6,W
2024-03-24,Zaragoza,11.2,3.6,6:22,19:46,3.7,45.9,NW
2024-03-24,Bilbao,26.6,11.7,7:23,17:41,36.3,32.6,NW
2024-03-24,Granada,39.9,33.1,6:53,19:04,9.3,32.6,N
2024-03-24,Málaga,31.7,25.6,6:51,19:49,43.9,25.7,E
2024-03-24,Alicante,11.2,5.6,7:59,19:42,44.8,41.4,NE
2024-03-24,Valladolid,22.3,12.9,7:45,18:09,47.7,16.0,N
2024-03-25,Madrid,21.3,8.6,8:42,19:54,48.3,22.4,W
2024-03-25,Barcelona,26.4,17.1,6:09,18:35,40.3,23.6,W
2024-03-25,Valencia,36.7,27.2,8:44,18:53,40.3,42.9,SW
2024-03-25,Sevilla,23.0,13.3,7:27,18:09,28.4,10.7,SE
2024-03-25,Zaragoza,33.9,28.1,7:18,18:22,24.1,21.3,S
2024-03-25,Bilbao,28.4,13.5,7:41,18:05,10.9,47.8,W
2024-03-25,Granada,21.0,7.3,6:46,18:03,2.4,37.5,N
2024-03-25,Málaga,33.3,23.6,7:39,18:14,11.0,31.9,NE
2024-03-25,Alicante,21.2,16.1,6:24,18:40,34.6,32.2,SW
2024-03-25,Valladolid,10.5,5.4,6:15,17:39,40.3,37.4,SE
2024-03-26,Madrid,30.7,22.7,7:42,18:14,41.9,22.8,SE
2024-03-26,Barcelona,10.2,3.0,8:04,18:05,30.4,12.3,SW
2024-03-26,Valencia,10.8,0.6,8:55,17:11,49.6,37.7,SE
2024-03-26,Sevilla,22.8,17.7,6:35,19:32,38.4,26.4,NE
2024-03-26,Zaragoza,15.9,4.6,8:46,18:00,49.8,22.8,S
2024-03-26,Bilbao,15.7,3.6,6:05,19:33,42.0,40.0,N
2024-03-26,Granada,22.3,13.9,8:46,17:17,1.8,11.5,E
2024-03-26,Málaga,40.0,26.5,6:40,19:26,20.1,3.7,SE
2024-03-26,Alicante,33.7,24.3,6:06,18:30,39.5,38.7,E
2024-03-26,Valladolid,24.8,19.3,8:08,17:05,22.9,17.9,SW
2024-03-27,Madrid,34.5,22.8,8:22,19:59,28.8,42.5,SE
2024-03-27,Barcelona,22.2,8.1,8:22,18:16,37.9,47.2,E
2024-03-27,Valencia,15.2,8.7,8:10,19:28,29.0,14.3,SW
2024-03-27,Sevilla,19.4,13.7,6:25,18:49,15.8,12.8,E
2024-03-27,Zaragoza,39.4,28.4,7:14,19:42,48.4,32.9,N
2024-03-27,Bilbao,37.3,31.1,8:29,18:07,33.8,27.9,NE
2024-03-27,Granada,29.2,15.1,7:17,18:42,49.4,48.5,N
2024-03-27,Málaga,10.8,0.3,8:23,18:07,2.4,29.8,N
2024-03-27,Alicante,17.8,6.8,8:33,17:10,16.5,4.8,E
2024-03-27,Valladolid,19.6,5.1,7:23,18:44,22.9,13.5,SE
2024-03-28,Madrid,20.7,5.9,7:56,19:23,49.4,27.4,S
2024-03-28,Barcelona,11.0,2.7,6:45,17:07,33.0,44.7,SW
2024-03-28,Valencia,27.4,12.6,6:31,19:37,41.4,3.2,SW
2024-03-28,Sevilla,19.2,11.8,8:08,17:28,2.5,26.7,W
2024-03-28,Zaragoza,14.9,8.7,6:17,19:33,27.8,43.4,E
2024-03-28,Bilbao,30.6,21.2,6:12,19:25,13.3,32.6,S
2024-03-28,Granada,25.4,17.4,6:01,18:59,20.8,19.2,NW
2024-03-28,Málaga,30.9,25.3,6:48,18:55,49.0,15.1,NW
2024-03-28,Alicante,20.6,10.9,7:08,19:09,4.8,43.6,NW
2024-03-28,Valladolid,25.5,19.2,7:51,17:51,23.1,30.8,SE
2024-03-29,Madrid,19.8,11.1,7:40,19:55,40.9,36.6,NW
2024-03-29,Barcelona,35.4,22.0,7:28,19:52,23.5,33.4,W
2024-03-29,Valencia,37.1,31.5,7:33,18:20,44.6,6.1,SE
2024-03-29,Sevilla,23.7,14.6,6:28,17:59,47.7,46.1,W
2024-03-29,Zaragoza,17.7,11.2,6:09,17:50,8.1,39.4,E
2024-03-29,Bilbao,24.4,16.7,6:09,19:49,17.8,9.9,NW
2024-03-29,Granada,16.4,7.9,6:29,19:59,39.3,28.2,W
2024-03-29,Málaga,10.5,-3.5,6:12,17:29,19.7,32.5,W
2024-03-29,Alicante,34.5,27.2,7:39,17:45,10.7,0.6,E
2024-03-29,Valladolid,37.1,23.7,8:36,17:58,15.1,41.1,S
2024-03-30,Madrid,38.2,30.4,8:38,18:46,14.9,22.4,NE
2024-03-30,Barcelona,28.3,16.1,7:46,19:46,21.5,5.3,SE
2024-03-30,Valencia,33.3,19.3,7:41,19:31,27.2,28.6,SE
2024-03-30,Sevilla,19.8,12.4,8:52,18:32,49.1,37.2,N
2024-03-30,Zaragoza,17.4,10.8,7:14,18:13,28.8,17.9,S
2024-03-30,Bilbao,36.8,22.9,8:40,19:39,18.4,35.7,W
2024-03-30,Granada,21.1,8.6,6:12,19:56,7.1,10.1,NW
2024-03-30,Málaga,22.2,10.1,6:38,17:16,7.0,24.4,NE
2024-03-30,Alicante,32.4,25.1,8:20,18:09,31.9,29.9,SW
2024-03-30,Valladolid,11.3,-1.8,8:33,17:36,34.6,18.3,NW
2024-03-31,Madrid,33.7,24.9,7:19,19:07,28.1,25.2,NE
2024-03-31,Barcelona,20.3,7.0,6:39,19:45,10.2,2.0,E
2024-03-31,Valencia,20.2,8.0,8:30,17:25,22.5,8.5,SW
2024-03-31,Sevilla,32.9,19.5,7:03,18:40,8.0,33.3,E
2024-03-31,Zaragoza,18.8,12.7,8:54,17:02,19.4,19.0,N
2024-03-31,Bilbao,39.9,32.3,7:15,17:56,7.5,11.9,W
2024-03-31,Granada,26.3,18.0,7:18,18:59,22.3,31.6,SE
2024-03-31,Málaga,22.7,17.4,7:05,19:14,44.2,5.9,SE
2024-03-31,Alicante,30.1,22.8,6:03,19:35,19.2,46.4,NE
2024-03-31,Valladolid,15.2,9.4,6:37,17:11,42.4,21.2,NW
2024-04-01,Madrid,15.2,5.9,7:57,19:52,15.7,42.2,NE
2024-04-01,Barcelona,14.0,6.8,8:26,17:01,7.3,15.0,SW
2024-04-01,Valencia,21.9,8.0,7:37,19:23,14.1,36.6,SE
2024-04-01,Sevilla,22.7,14.6,7:03,18:55,12.5,9.8,N
2024-04-01,Zaragoza,37.3,23.5,8:54,19:37,13.1,20.4,E
2024-04-01,Bilbao,14.9,1.5,6:39,18:28,37.0,46.4,SE
2024-04-01,Granada,17.5,12.3,7:54,18:54,34.9,36.8,NE
2024-04-01,Málaga,34.2,20.4,7:10,17:08,28.3,24.6,NE
2024-04-01,Alicante,35.6,30.4,8:25,19:08,24.0,11.7,E
2024-04-01,Valladolid,22.4,13.5,6:45,18:01,11.3,30.8,W
2024-04-02,Madrid,34.7,24.2,8:31,19:19,3.5,7.1,E
2024-04-02,Barcelona,11.2,5.4,6:02,18:38,24.5,37.7,E
2024-04-02,Valencia,27.1,20.9,8:43,18:35,6.5,15.9,S
2024-04-02,Sevilla,17.5,11.0,6:37,17:43,27.7,13.8,W
2024-04-02,Zaragoza,24.9,15.4,7:37,17:56,10.9,21.8,NW
2024-04-02,Bilbao,39.4,31.6,8:19,17:30,30.7,28.7,NE
2024-04-02,Granada,39.1,33.7,6:20,18:10,18.1,3.2,SE
2024-04-02,Málaga,14.8,2.0,7:50,18:37,20.5,43.9,NE
2024-04-02,Alicante,29.2,23.3,6:19,18:49,44.9,34.4,S
2024-04-02,Valladolid,32.4,23.0,8:43,18:01,4.8,15.4,N
2024-04-03,Madrid,15.1,6.4,8:25,17:23,14.9,39.4,W
2024-04-03,Barcelona,18.7,11.8,6:17,19:58,0.9,31.3,S
2024-04-03,Valencia,24.9,13.7,8:18,18:03,43.2,22.5,SW
2024-04-03,Sevilla,32.9,20.9,8:46,18:05,40.9,19.1,N
2024-04-03,Zaragoza,36.9,23.7,8:15,19:49,10.3,29.8,E
2024-04-03,Bilbao,33.1,26.1,8:46,17:00,29.4,12.4,NE
2024-04-03,Granada,30.2,19.6,7:48,17:43,0.9,14.4,E
2024-04-03,Málaga,23.8,15.7,8:39,19:35,32.0,6.2,SW
2024-04-03,Alicante,37.0,30.5,6:26,19:28,22.7,24.5,N
2024-04-03,Valladolid,12.6,3.3,8:02,18:31,25.6,49.7,S
2024-04-04,Madrid,22.6,14.2,8:51,18:11,0.8,35.3,NW
2024-04-04,Barcelona,27.8,17.2,8:35,19:45,12.1,10.4,N
2024-04-04,Valencia,25.6,14.4,8:39,18:55,7.4,31.1,SW
2024-04-04,Sevilla,11.5,1.6,8:27,17:16,35.8,11.8,SW
2024-04-04,Zaragoza,30.8,17.1,8:54,19:57,23.5,0.8,N
2024-04-04,Bilbao,28.1,17.1,7:50,19:02,6.2,3.0,E
2024-04-04,Granada,21.3,15.4,8:28,17:12,19.4,5.8,S
2024-04-04,Málaga,38.2,27.4,8:46,18:17,44.0,10.6,NW
2024-04-04,Alicante,12.6,5.8,8:55,18:08,34.0,23.5,NW
2024-04-04,Valladolid,36.3,28.0,6:59,19:00,16.1,19.3,SE
2024-04-05,Madrid,22.8,8.1,7:23,18:02,6.6,27.2,N
2024-04-05,Barcelona,34.6,20.1,8:23,17:28,47.0,42.6,E
2024-04-05,Valencia,33.7,26.9,8:12,18:22,34.4,2.1,SW
2024-04-05,Sevilla,24.5,11.1,6:48,18:00,45.7,46.6,SE
2024-04-05,Zaragoza,16.4,6.0,6:07,19:22,1.4,12.1,NE
2024-04-05,Bilbao,25.1,19.7,8:22,17:49,44.8,25.9,W
2024-04-05,Granada,38.8,33.3,7:16,18:40,48.6,29.6,N
2024-04-05,Málaga,15.4,9.8,7:10,17:58,42.4,48.0,N
2024-04-05,Alicante,31.6,20.4,8:55,17:05,8.8,29.1,W
2024-04-05,Valladolid,11.8,3.9,8:13,19:07,5.2,46.1,E
2024-04-06,Madrid,33.1,18.6,8:57,18:18,44.5,39.0,NE
2024-04-06,Barcelona,15.1,3.3,7:32,17:49,29.1,3.6,S
2024-04-06,Valencia,37.3,22.6,6:33,17:09,27.7,2.8,W
2024-04-06,Sevilla,29.5,17.8,8:38,18:38,45.5,36.3,W
2024-04-06,Zaragoza,13.9,-0.1,8:05,18:49,10.9,29.3,NW
2024-04-06,Bilbao,14.7,6.6,7:09,19:08,15.0,26.1,NW
2024-04-06,Granada,21.6,13.7,6:45,17:55,19.2,37.0,N
2024-04-06,Málaga,32.9,25.2,6:29,19:22,49.5,0.3,N
2024-04-06,Alicante,19.1,14.0,6:15,19:38,16.0,26.4,N
2024-04-06,Valladolid,32.9,23.0,6:49,17:59,46.2,42.1,E
2024-04-07,Madrid,35.4,28.0,7:39,17:00,31.0,15.1,W
2024-04-07,Barcelona,26.9,19.8,6:57,17:03,33.9,15.0,NW
2024-04-07,Valencia,23.3,14.2,7:36,17:12,34.6,7.7,S
2024-04-07,Sevilla,20.9,12.2,7:14,17:27,19.0,36.4,SE
2024-04-07,Zaragoza,21.7,10.7,7:07,18:57,29.1,45.4,N
2024-04-07,Bilbao,25.4,15.2,6:53,19:29,1.8,21.4,SE
2024-04-07,Granada,13.3,2.7,8:06,18:09,42.7,30.8,E
2024-04-07,Málaga,29.7,23.5,7:33,17:09,7.7,38.2,NE
2024-04-07,Alicante,12.6,6.7,6:21,18:21,14.5,44.4,S
2024-04-07,Valladolid,16.1,4.3,8:11,19:58,38.0,17.8,N
2024-04-08,Madrid,24.0,16.8,6:24,17:04,37.7,10.0,SE
2024-04-08,Barcelona,26.4,17.6,6:10,19:31,7.5,37.2,E
2024-04-08,Valencia,32.0,19.1,8:53,19:47,23.8,6.4,E
2024-04-08,Sevilla,23.7,18.6,6:24,19:00,0.9,5.0,W
2024-04-08,Zaragoza,10.5,4.3,6:41,19:17,10.8,37.2,N
2024-04-08,Bilbao,14.5,7.6,7:56,18:45,39.1,19.3,N
2024-04-08,Granada,26.0,11.0,7:53,18:20,25.5,7.8,W
2024-04-08,Málaga,18.0,4.1,6:55,19:13,36.1,50.0,SW
2024-04-08,Alicante,17.3,5.5,7:20,19:59,42.9,46.7,SE
2024-04-08,Valladolid,21.3,15.3,6:37,18:54,35.0,38.5,NE
2024-04-09,Madrid,22.7,14.5,8:33,18:54,4.8,44.0,SW
2024-04-09,Barcelona,26.2,15.2,6:34,19:36,33.6,46.8,SE
2024-04-09,Valencia,32.3,26.3,8:30,17:22,47.8,31.2,NW
2024-04-09,Sevilla,15.0,9.6,7:55,19:42,23.1,5.4,W
2024-04-09,Zaragoza,13.6,8.2,7:52,17:43,37.0,40.4,N
2024-04-09,Bilbao,21.9,9.9,8:03,18:47,8.9,49.6,N
2024-04-09,Granada,37.9,26.4,8:37,18:12,16.6,38.3,W
2024-04-09,Málaga,39.0,33.3,6:12,17:36,40.5,10.6,N
2024-04-09,Alicante,20.0,5.0,6:22,17:32,28.3,45.7,NW
2024-04-09,Valladolid,16.2,4.4,8:22,18:56,32.3,39.6,N
